{
  "accuracy": 0.9378250591016548,
  "kappa": 0.870038336698884,
  "macro_f1": 0.7232563854334852,
  "stage_f1": [
    0.9896070975918885,
    0.10526315789473684,
    0.8909512761020881,
    0.8486707566462167,
    0.7817896389324961
  ],
  "params": 3257349
}